{
  "num_seeds": 30,
  "num_disagreements": 30,
  "coverage": {
    "model_a": 0.34296875,
    "model_b": 0.346875,
    "average": 0.344921875
  },
  "coverage_by_threshold": {
    "0.2": {
      "model_a": 1.0,
      "model_b": 1.0,
      "average": 1.0
    },
    "0.5": {
      "model_a": 0.965625,
      "model_b": 0.9658854166666667,
      "average": 0.9657552083333334
    },
    "0.75": {
      "model_a": 0.34296875,
      "model_b": 0.346875,
      "average": 0.344921875
    },
    "0.9": {
      "model_a": 0.08515625,
      "model_b": 0.09192708333333334,
      "average": 0.08854166666666667
    }
  },
  "disagreements": [
    {
      "sample_index": 0,
      "true_label": "horse",
      "model_a": {
        "label": "bird",
        "confidence": 0.19967852532863617
      },
      "model_b": {
        "label": "cat",
        "confidence": 0.34495657682418823
      },
      "l_inf_delta": 0.0,
      "visualization": "/data/home/ijg2603/UOS/\uc2e0\ub8b0\ud560\uc218\uc788\ub294\uc778\uacf5\uc9c0\ub2a5/assignment2/Reliable-and-Trustworthy-AI_2/results/disagreement_01.png"
    },
    {
      "sample_index": 1,
      "true_label": "deer",
      "model_a": {
        "label": "deer",
        "confidence": 0.4375872015953064
      },
      "model_b": {
        "label": "bird",
        "confidence": 0.31710922718048096
      },
      "l_inf_delta": 0.010000020265579224,
      "visualization": "/data/home/ijg2603/UOS/\uc2e0\ub8b0\ud560\uc218\uc788\ub294\uc778\uacf5\uc9c0\ub2a5/assignment2/Reliable-and-Trustworthy-AI_2/results/disagreement_02.png"
    },
    {
      "sample_index": 2,
      "true_label": "truck",
      "model_a": {
        "label": "airplane",
        "confidence": 0.1979263573884964
      },
      "model_b": {
        "label": "truck",
        "confidence": 0.5331717729568481
      },
      "l_inf_delta": 0.010000020265579224,
      "visualization": "/data/home/ijg2603/UOS/\uc2e0\ub8b0\ud560\uc218\uc788\ub294\uc778\uacf5\uc9c0\ub2a5/assignment2/Reliable-and-Trustworthy-AI_2/results/disagreement_03.png"
    },
    {
      "sample_index": 3,
      "true_label": "deer",
      "model_a": {
        "label": "bird",
        "confidence": 0.36113011837005615
      },
      "model_b": {
        "label": "deer",
        "confidence": 0.19935159385204315
      },
      "l_inf_delta": 0.010000020265579224,
      "visualization": "/data/home/ijg2603/UOS/\uc2e0\ub8b0\ud560\uc218\uc788\ub294\uc778\uacf5\uc9c0\ub2a5/assignment2/Reliable-and-Trustworthy-AI_2/results/disagreement_04.png"
    },
    {
      "sample_index": 4,
      "true_label": "automobile",
      "model_a": {
        "label": "automobile",
        "confidence": 0.3495369553565979
      },
      "model_b": {
        "label": "ship",
        "confidence": 0.2949351966381073
      },
      "l_inf_delta": 0.0,
      "visualization": "/data/home/ijg2603/UOS/\uc2e0\ub8b0\ud560\uc218\uc788\ub294\uc778\uacf5\uc9c0\ub2a5/assignment2/Reliable-and-Trustworthy-AI_2/results/disagreement_05.png"
    },
    {
      "sample_index": 5,
      "true_label": "frog",
      "model_a": {
        "label": "truck",
        "confidence": 0.41474398970603943
      },
      "model_b": {
        "label": "airplane",
        "confidence": 0.18965528905391693
      },
      "l_inf_delta": 0.010000020265579224
    },
    {
      "sample_index": 6,
      "true_label": "cat",
      "model_a": {
        "label": "bird",
        "confidence": 0.2584463655948639
      },
      "model_b": {
        "label": "frog",
        "confidence": 0.35558298230171204
      },
      "l_inf_delta": 0.010000020265579224
    },
    {
      "sample_index": 7,
      "true_label": "cat",
      "model_a": {
        "label": "frog",
        "confidence": 0.36004939675331116
      },
      "model_b": {
        "label": "cat",
        "confidence": 0.22782209515571594
      },
      "l_inf_delta": 0.010000020265579224
    },
    {
      "sample_index": 8,
      "true_label": "ship",
      "model_a": {
        "label": "truck",
        "confidence": 0.3181992173194885
      },
      "model_b": {
        "label": "ship",
        "confidence": 0.613974392414093
      },
      "l_inf_delta": 0.010000020265579224
    },
    {
      "sample_index": 9,
      "true_label": "automobile",
      "model_a": {
        "label": "automobile",
        "confidence": 0.3455532491207123
      },
      "model_b": {
        "label": "truck",
        "confidence": 0.1767183542251587
      },
      "l_inf_delta": 0.0
    },
    {
      "sample_index": 10,
      "true_label": "deer",
      "model_a": {
        "label": "bird",
        "confidence": 0.38487112522125244
      },
      "model_b": {
        "label": "deer",
        "confidence": 0.4382655620574951
      },
      "l_inf_delta": 0.010000020265579224
    },
    {
      "sample_index": 11,
      "true_label": "automobile",
      "model_a": {
        "label": "automobile",
        "confidence": 0.2951855957508087
      },
      "model_b": {
        "label": "airplane",
        "confidence": 0.3760893940925598
      },
      "l_inf_delta": 0.0
    },
    {
      "sample_index": 12,
      "true_label": "bird",
      "model_a": {
        "label": "deer",
        "confidence": 0.17594896256923676
      },
      "model_b": {
        "label": "cat",
        "confidence": 0.1881314069032669
      },
      "l_inf_delta": 0.0
    },
    {
      "sample_index": 13,
      "true_label": "automobile",
      "model_a": {
        "label": "cat",
        "confidence": 0.1843409240245819
      },
      "model_b": {
        "label": "ship",
        "confidence": 0.1858961135149002
      },
      "l_inf_delta": 0.010000020265579224
    },
    {
      "sample_index": 14,
      "true_label": "ship",
      "model_a": {
        "label": "bird",
        "confidence": 0.15307927131652832
      },
      "model_b": {
        "label": "cat",
        "confidence": 0.2746086120605469
      },
      "l_inf_delta": 0.010000020265579224
    },
    {
      "sample_index": 15,
      "true_label": "horse",
      "model_a": {
        "label": "horse",
        "confidence": 0.6387931704521179
      },
      "model_b": {
        "label": "truck",
        "confidence": 0.24011729657649994
      },
      "l_inf_delta": 0.03000001609325409
    },
    {
      "sample_index": 16,
      "true_label": "truck",
      "model_a": {
        "label": "truck",
        "confidence": 0.1890600174665451
      },
      "model_b": {
        "label": "ship",
        "confidence": 0.8530343174934387
      },
      "l_inf_delta": 0.02000001072883606
    },
    {
      "sample_index": 17,
      "true_label": "airplane",
      "model_a": {
        "label": "ship",
        "confidence": 0.4724442660808563
      },
      "model_b": {
        "label": "airplane",
        "confidence": 0.42951568961143494
      },
      "l_inf_delta": 0.0
    },
    {
      "sample_index": 18,
      "true_label": "airplane",
      "model_a": {
        "label": "ship",
        "confidence": 0.3507896959781647
      },
      "model_b": {
        "label": "truck",
        "confidence": 0.5564349293708801
      },
      "l_inf_delta": 0.010000020265579224
    },
    {
      "sample_index": 19,
      "true_label": "airplane",
      "model_a": {
        "label": "ship",
        "confidence": 0.5467389822006226
      },
      "model_b": {
        "label": "truck",
        "confidence": 0.3040967583656311
      },
      "l_inf_delta": 0.0
    },
    {
      "sample_index": 20,
      "true_label": "deer",
      "model_a": {
        "label": "truck",
        "confidence": 0.23815381526947021
      },
      "model_b": {
        "label": "horse",
        "confidence": 0.5830299854278564
      },
      "l_inf_delta": 0.02000001072883606
    },
    {
      "sample_index": 21,
      "true_label": "ship",
      "model_a": {
        "label": "frog",
        "confidence": 0.3504374623298645
      },
      "model_b": {
        "label": "cat",
        "confidence": 0.1651546061038971
      },